Piano ,,,
Mridangam ,,,
Trumpet ,,,
Xylophone ,,,
Bugle ,,,
Maracas ,,,
Bell ,,,
Keyboard ,,,
Tambourine ,,,
Drum pad ,,,
Bass drum ,,,
Lute ,,,
Celesta ,,,
Dholak ,,,
Sitar ,,,
Sarod ,,,
Flute ,,,
Violin ,,,
Saxophone ,,,
Clap box ,,,
Harp ,,,
Cymbal ,,,
French horn ,,,
Gong ,,,
Trombone ,,,
Clarinet ,,,
Snare drum ,,,
Marimba ,,,
Spinet ,,,
Tabla ,,,
Gu-zheng ,,,
Pungi ,,,
Veena ,,,
Guitar ,,,
Mouth organ ,,,
Electric guitar ,,,
Harmonium ,,,
Accordion ,,,
Banjo ,,,
Pipe organ ,,,
Ukulele ,,,
Harmonica ,,,
Euphonium ,,,
Bassoon ,,,
Oud ,,,
Damru ,,,
Ektara ,,,
Gramophone ,,,
Drums ,,,
Triangle ,,,
Cello ,,,
Bass guitar ,,,
Oboe ,,,
Bongo drums ,,,
Conga drums ,,,
Comet ,,,
Electronic drums ,,,
Tuba ,,,
Piccolo ,,,
Cornet ,,,
Yueqin ,,,
Sarangi ,,,
Shehnai ,,,
Tubular Chimes ,,,