Channel,M Subs
T-Series,235
Cocomelon,153
SET India,151
MrBeast,132
PewDiePie,111
Kids Diana Show,107
Like Nastya,104
WWE,93.2
Vlad and Niki,93.1
Zee Music Company,92.1
Blackpink,84.2
Goldmines,81.9
5-Minute Crafts,78.7
Sony SAB,76.9
BangtanTV,73.4
Justin Bieber,70.9
Hybe Labels,69.2
Canal KondZilla,66.4
Zee TV,65.6
Pinkfong,65.1
Shemaroo Entertainment,63.7
ChuChu TV,61.5
Colors TV,59.7
Dude Perfect,58.6
Movieclips,58.6
T-Series Bhakti Sagar,57.6
Tips Industries,56.6
Marshmello,56.1
Wave Music,56
Sony Music India,55.7
Aaj Tak,55.5
El Reino Infantil,55.3
Eminem,55.2
Ed Sheeran,52.9
LooLoo Kids,52.6
Ariana Grande,52.3
Yash Raj Films,51.7
Taylor Swift,50.9
BillionSurpriseToys,50.1
Infobells,48.8
Billie Eilish,47.3
JuegaGerman,47.1
Badabun,46.4
Fernanfloo,45.6
Bad Bunny,45.2
SonyMusicIndiaVEVO,45
Felipe Neto,44.8
Bright Side,44.4
Voc¬ê Sabia?,44.1
Whindersson Nunes,44
